{"schemaVersion":"1.0","appDefinitionTemplate":{"id":"/providers/Microsoft.PowerApps/apps/","type":"Microsoft.PowerApps/apps","tags":{"primaryDeviceWidth":"640","primaryDeviceHeight":"1136","sienaVersion":"20210212T164253Z-3.21021.39.0","deviceCapabilities":"webcam","supportsPortrait":"true","supportsLandscape":"false","primaryFormFactor":"Phone","publisherVersion":"3.21021.39","minimumRequiredApiVersion":"2.2.0","hasComponent":"false","hasUnlockedComponent":"false","isUnifiedRootApp":"false"},"properties":{"appVersion":"2021-02-12T16:42:53Z","lifeCycleId":"Published","createdByClientVersion":{"major":3,"minor":21021,"build":39,"revision":0,"majorRevision":0,"minorRevision":0},"minClientVersion":{"major":3,"minor":21021,"build":39,"revision":0,"majorRevision":0,"minorRevision":0},"backgroundColor":"rgba(0, 176, 240, 1)","backgroundImageUri":"/17565658112118209060/N53fbaab5-4a29-4040-83df-0ed3bd01e191-logoSmallFile","displayName":"Surge Test Logger","description":"","commitMessage":"","appUris":{"documentUri":{"value":"/17565658112118209060/N33dce7cc-f67c-4d45-aa01-f0b376da2fe0-document.msapp"},"imageUris":[]},"createdTime":"0001-01-01T00:00:00Z","lastModifiedTime":"0001-01-01T00:00:00Z","sharedGroupsCount":0,"sharedUsersCount":0,"icons":{"smallIconUri":"/17565658112118209060/N9d4f5869-5bf4-4fca-bbdc-ae737d30f6d7-small.png","mediumIconUri":"/17565658112118209060/N7e16d3c7-27df-41a3-9ea3-27001e63c68c-medium.png","largeIconUri":"/17565658112118209060/N5f6c1d58-aeec-47fd-9765-c405450b8be1-large.png","wideIconUri":"/17565658112118209060/N6010777d-ef90-4157-beae-3f6c915632bd-wide.png"},"connectionReferences":{},"databaseReferences":{},"almMode":"Environment","performanceOptimizationEnabled":true,"canConsumeAppPass":true,"executionRestrictions":{"isTeamsOnly":false,"dataLossPreventionEvaluationResult":{"status":"Compliant","lastEvaluationDate":"2021-02-08T12:17:12.1325191Z","violationDetails":[]}}},"isAppComponentLibrary":false,"appType":"ClassicCanvasApp","appComponents":[]}}