{"schemaVersion":"1.0","appDefinitionTemplate":{"id":"/providers/Microsoft.PowerApps/apps/","type":"Microsoft.PowerApps/apps","tags":{"primaryDeviceWidth":"640","primaryDeviceHeight":"1136","sienaVersion":"20210603T145631Z-3.21053.21.0","deviceCapabilities":"webcam","supportsPortrait":"true","supportsLandscape":"false","primaryFormFactor":"Phone","publisherVersion":"3.21053.21","minimumRequiredApiVersion":"2.2.0","hasComponent":"false","hasUnlockedComponent":"false","isUnifiedRootApp":"false"},"properties":{"appVersion":"2021-06-03T14:56:31Z","lifeCycleId":"Published","createdByClientVersion":{"major":3,"minor":21053,"build":21,"revision":0,"majorRevision":0,"minorRevision":0},"minClientVersion":{"major":3,"minor":21053,"build":21,"revision":0,"majorRevision":0,"minorRevision":0},"backgroundColor":"rgba(0, 176, 240, 1)","backgroundImageUri":"/17565658112118209060/N10c66cab-78b0-46cc-b7a9-49edaca8f4fa-logoSmallFile","displayName":"Surge Test Logger","description":"","commitMessage":"fixed collection filter bug where search string didnt work","appUris":{"documentUri":{"value":"/17565658112118209060/N8cef7daa-42cc-4eae-a56f-09ed3dfcbda2-document.msapp"},"imageUris":[]},"createdTime":"0001-01-01T00:00:00Z","lastModifiedTime":"0001-01-01T00:00:00Z","sharedGroupsCount":0,"sharedUsersCount":0,"icons":{"smallIconUri":"/17565658112118209060/Nae526c83-75d0-421c-a50f-3e2795e31766-small.png","mediumIconUri":"/17565658112118209060/Na3f6583a-6257-4644-99a3-5dd5d3c7c067-medium.png","largeIconUri":"/17565658112118209060/N0381a0fc-ab4e-451d-902e-e0ba9e7c8b00-large.png","wideIconUri":"/17565658112118209060/N973128ec-a74d-4230-98ab-751016fe5782-wide.png"},"connectionReferences":{"7e8287b4-d62a-492c-940c-76c492f2d3f9":{"id":"1b04d7af-e0a7-4064-8a0a-62348432fa4e","displayName":"SharePoint","iconUri":"https://connectoricons-prod.azureedge.net/releases/v1.0.1472/1.0.1472.2427/sharepointonline/icon.png","dataSources":["Surge Testing"],"dependencies":[],"dependents":[],"parameterHints":{},"isOnPremiseConnection":false,"bypassConsent":false,"dataSets":{"https://lbcamden.sharepoint.com/sites/msteams_26e9b0":{"dataSources":{"Surge Testing":{"tableName":"249f22a6-0d07-4dd3-a891-882d0112a682"}}}},"apiTier":"Standard","isCustomApiConnection":false}},"databaseReferences":{},"almMode":"Environment","performanceOptimizationEnabled":true,"canConsumeAppPass":true,"executionRestrictions":{"isTeamsOnly":false,"dataLossPreventionEvaluationResult":{"status":"Compliant","lastEvaluationDate":"2021-02-08T12:17:12.1325191Z","violationDetails":[]}}},"appType":"ClassicCanvasApp","appComponents":[]}}