{"schemaVersion":"1.0","appDefinitionTemplate":{"id":"/providers/Microsoft.PowerApps/apps/","type":"Microsoft.PowerApps/apps","tags":{"primaryDeviceWidth":"640","primaryDeviceHeight":"1136","sienaVersion":"20210603T150634Z-3.21053.21.0","deviceCapabilities":"webcam","supportsPortrait":"true","supportsLandscape":"false","primaryFormFactor":"Phone","publisherVersion":"3.21053.21","minimumRequiredApiVersion":"2.2.0","hasComponent":"false","hasUnlockedComponent":"false","isUnifiedRootApp":"false"},"properties":{"appVersion":"2021-06-03T15:06:34Z","lifeCycleId":"Published","createdByClientVersion":{"major":3,"minor":21053,"build":21,"revision":0,"majorRevision":0,"minorRevision":0},"minClientVersion":{"major":3,"minor":21053,"build":21,"revision":0,"majorRevision":0,"minorRevision":0},"backgroundColor":"rgba(0, 176, 240, 1)","backgroundImageUri":"/10471553030357324045/N60e07a9b-5ded-4b32-809a-d81748a5c186-logoSmallFile","displayName":"Surge Test Logger - Without Scanner","description":"","commitMessage":"fixed activity msg on property table.","appUris":{"documentUri":{"value":"/10471553030357324045/N1fc59b7b-f35b-4dd2-bb9a-729353a2a1fc-document.msapp"},"imageUris":[]},"createdTime":"0001-01-01T00:00:00Z","lastModifiedTime":"0001-01-01T00:00:00Z","sharedGroupsCount":0,"sharedUsersCount":0,"icons":{"smallIconUri":"/10471553030357324045/N1359302f-c652-442d-a39e-34c2c80aa247-small.png","mediumIconUri":"/10471553030357324045/N4e5704d1-8bda-4a37-8604-0529c234e44a-medium.png","largeIconUri":"/10471553030357324045/Nee6dfa6b-c6fb-482f-8f51-26a5b76fd009-large.png","wideIconUri":"/10471553030357324045/N7033a663-baa9-4be6-90c1-642ee5a56a30-wide.png"},"connectionReferences":{"7e8287b4-d62a-492c-940c-76c492f2d3f9":{"id":"1b04d7af-e0a7-4064-8a0a-62348432fa4e","displayName":"SharePoint","iconUri":"https://connectoricons-prod.azureedge.net/releases/v1.0.1472/1.0.1472.2427/sharepointonline/icon.png","dataSources":["Surge Testing"],"dependencies":[],"dependents":[],"parameterHints":{},"isOnPremiseConnection":false,"bypassConsent":false,"dataSets":{"https://lbcamden.sharepoint.com/sites/msteams_26e9b0":{"dataSources":{"Surge Testing":{"tableName":"249f22a6-0d07-4dd3-a891-882d0112a682"}}}},"apiTier":"Standard","isCustomApiConnection":false}},"databaseReferences":{},"almMode":"Environment","performanceOptimizationEnabled":true,"canConsumeAppPass":true,"executionRestrictions":{"isTeamsOnly":false,"dataLossPreventionEvaluationResult":{"status":"Compliant","lastEvaluationDate":"2021-02-08T12:17:12.1325191Z","violationDetails":[]}}},"appType":"ClassicCanvasApp","appComponents":[]}}