{"schemaVersion":"1.0","appDefinitionTemplate":{"id":"/providers/Microsoft.PowerApps/apps/","type":"Microsoft.PowerApps/apps","tags":{"primaryDeviceWidth":"640","primaryDeviceHeight":"1136","sienaVersion":"20210415T090653Z-3.21035.34.0","deviceCapabilities":"webcam","supportsPortrait":"true","supportsLandscape":"false","primaryFormFactor":"Phone","publisherVersion":"3.21035.34","minimumRequiredApiVersion":"2.2.0","hasComponent":"false","hasUnlockedComponent":"false","isUnifiedRootApp":"false"},"properties":{"appVersion":"2021-04-15T09:06:53Z","lifeCycleId":"Published","createdByClientVersion":{"major":3,"minor":21035,"build":34,"revision":0,"majorRevision":0,"minorRevision":0},"minClientVersion":{"major":3,"minor":21035,"build":34,"revision":0,"majorRevision":0,"minorRevision":0},"backgroundColor":"rgba(0, 176, 240, 1)","backgroundImageUri":"/10471553030357324045/Na11c76c5-24ea-4dbd-ab9c-ce84b9544cfe-logoSmallFile","displayName":"Surge Test Logger App","description":"","commitMessage":"","appUris":{"documentUri":{"value":"/10471553030357324045/N018af808-92ef-4663-b6a5-aaeb2deeb038-document.msapp"},"imageUris":[]},"createdTime":"0001-01-01T00:00:00Z","lastModifiedTime":"0001-01-01T00:00:00Z","sharedGroupsCount":0,"sharedUsersCount":0,"icons":{"smallIconUri":"/10471553030357324045/Nbaa092a9-7556-46c5-9ab7-9ebd0174a5a9-small.png","mediumIconUri":"/10471553030357324045/Na851963d-0448-482e-808e-9d81b103b1a7-medium.png","largeIconUri":"/10471553030357324045/N53b37982-4021-4760-a4d9-05aca31c1e66-large.png","wideIconUri":"/10471553030357324045/N828b2930-d867-403e-8df0-d66d1a51466e-wide.png"},"connectionReferences":{"7e8287b4-d62a-492c-940c-76c492f2d3f9":{"id":"1b04d7af-e0a7-4064-8a0a-62348432fa4e","displayName":"SharePoint","iconUri":"https://connectoricons-prod.azureedge.net/releases/v1.0.1458/1.0.1458.2381/sharepointonline/icon.png","dataSources":["Surge Testing"],"dependencies":[],"dependents":[],"parameterHints":{},"isOnPremiseConnection":false,"bypassConsent":false,"dataSets":{"https://lbcamden.sharepoint.com/sites/msteams_26e9b0":{"dataSources":{"Surge Testing":{"tableName":"249f22a6-0d07-4dd3-a891-882d0112a682"}}}},"apiTier":"Standard","isCustomApiConnection":false}},"databaseReferences":{},"almMode":"Environment","performanceOptimizationEnabled":true,"canConsumeAppPass":true,"executionRestrictions":{"isTeamsOnly":false,"dataLossPreventionEvaluationResult":{"status":"Compliant","lastEvaluationDate":"2021-02-08T12:17:12.1325191Z","violationDetails":[]}}},"isAppComponentLibrary":false,"appType":"ClassicCanvasApp","appComponents":[]}}