{"schemaVersion":"1.0","appDefinitionTemplate":{"id":"/providers/Microsoft.PowerApps/apps/","type":"Microsoft.PowerApps/apps","tags":{"primaryDeviceWidth":"640","primaryDeviceHeight":"1136","sienaVersion":"20210415T083820Z-3.21035.34.0","deviceCapabilities":"webcam","supportsPortrait":"true","supportsLandscape":"false","primaryFormFactor":"Phone","publisherVersion":"3.21035.34","minimumRequiredApiVersion":"2.2.0","hasComponent":"false","hasUnlockedComponent":"false","isUnifiedRootApp":"false"},"properties":{"appVersion":"2021-04-15T08:38:20Z","lifeCycleId":"Published","createdByClientVersion":{"major":3,"minor":21035,"build":34,"revision":0,"majorRevision":0,"minorRevision":0},"minClientVersion":{"major":3,"minor":21035,"build":34,"revision":0,"majorRevision":0,"minorRevision":0},"backgroundColor":"rgba(0, 176, 240, 1)","backgroundImageUri":"/17565658112118209060/Necc9fd26-5fd1-4093-940d-ef666a9f7e5c-logoSmallFile","displayName":"Surge Test Logger","description":"","commitMessage":"","appUris":{"documentUri":{"value":"/17565658112118209060/N653d3dda-70e5-42e1-8603-0c2cdd91a35a-document.msapp"},"imageUris":[]},"createdTime":"0001-01-01T00:00:00Z","lastModifiedTime":"0001-01-01T00:00:00Z","sharedGroupsCount":0,"sharedUsersCount":0,"icons":{"smallIconUri":"/17565658112118209060/Nd4c3110d-0538-4682-b912-2343765e0ba9-small.png","mediumIconUri":"/17565658112118209060/Ndad5a20c-8ffb-4db5-9f8e-0f1b714c3b96-medium.png","largeIconUri":"/17565658112118209060/Nc50c508a-bc1f-4e0a-95d5-c627940b86ad-large.png","wideIconUri":"/17565658112118209060/N80a10eb0-16dc-4bad-8b86-086791ff9383-wide.png"},"connectionReferences":{"7e8287b4-d62a-492c-940c-76c492f2d3f9":{"id":"1b04d7af-e0a7-4064-8a0a-62348432fa4e","displayName":"SharePoint","iconUri":"https://connectoricons-prod.azureedge.net/releases/v1.0.1458/1.0.1458.2381/sharepointonline/icon.png","dataSources":["Surge Testing"],"dependencies":[],"dependents":[],"parameterHints":{},"isOnPremiseConnection":false,"bypassConsent":false,"dataSets":{"https://lbcamden.sharepoint.com/sites/msteams_26e9b0":{"dataSources":{"Surge Testing":{"tableName":"249f22a6-0d07-4dd3-a891-882d0112a682"}}}},"apiTier":"Standard","isCustomApiConnection":false}},"databaseReferences":{},"almMode":"Environment","performanceOptimizationEnabled":true,"canConsumeAppPass":true,"executionRestrictions":{"isTeamsOnly":false,"dataLossPreventionEvaluationResult":{"status":"Compliant","lastEvaluationDate":"2021-02-08T12:17:12.1325191Z","violationDetails":[]}}},"isAppComponentLibrary":false,"appType":"ClassicCanvasApp","appComponents":[]}}